name,pwd,,
qweqwe1,Asd123@,,µÇÂ¼³É¹¦
qweqwe2,Asd124@,,µÇÂ¼³É¹¦
qweqwe3,Asd125@,,µÇÂ¼³É¹¦
qweqwe4,Asd126@,,µÇÂ¼³É¹¦
qweqwe5,Asd127@,,µÇÂ¼³É¹¦
qweqwe6,Asd128@,,µÇÂ¼³É¹¦
qweqwe19,Asd141@,,µÇÂ¼³É¹¦
qweqwe1,Asd142@,,µÇÂ¼³É¹¦
123mqh1,XYz_121,,µÇÂ¼³É¹¦
123mqh2,XYz_122,,µÇÂ¼³É¹¦
123mqh4,XYz_124,,µÇÂ¼³É¹¦
123mqh5,XYz_125,,µÇÂ¼³É¹¦
123mqh6,XYz_126,,µÇÂ¼³É¹¦
123mqh17,XYz_137,,µÇÂ¼³É¹¦
123mqh18,XYz_138,,µÇÂ¼³É¹¦
123mqh1,XYz_140,,µÇÂ¼³É¹¦
XRGmqh1,DFGjkl.1,,µÇÂ¼Ê§°Ü
XRGmqh2,DFGjkl.2,,µÇÂ¼Ê§°Ü
XRGmqh3,DFGjkl.3,,µÇÂ¼³É¹¦
XRGmqh4,DFGjkl.4,,µÇÂ¼³É¹¦
XRGmqh5,DFGjkl.5,,
XRGmqh6,DFGjkl.6,,
XRGmqh7,DFGjkl.7,,µÇÂ¼Ê§°Ü
XRGmqh8,DFGjkl.8,,µÇÂ¼Ê§°Ü
XRGmqh9,DFGjkl.9,,µÇÂ¼Ê§°Ü
XRGmqh10,DFGjkl.10,,µÇÂ¼Ê§°Ü
XRGmqh11,DFGjkl.11,,µÇÂ¼Ê§°Ü
XRGmqh12,DFGjkl.12,,µÇÂ¼Ê§°Ü
XRGmqh13,DFGjkl.13,,µÇÂ¼Ê§°Ü
XRGmqh19,DFGjkl.19,,µÇÂ½³É¹¦
XRGmqh1,DFGjkl.20,,µÇÂ½³É¹¦
QWEQWE1,Gghj;100,,µÇÂ¼Ê§°Ü
QWEQWE2,Gghj;101,,µÇÂ¼Ê§°Ü
QWEQWE3,Gghj;102,,µÇÂ¼Ê§°Ü
QWEQWE4,Gghj;103,,µÇÂ¼Ê§°Ü
QWEQWE5,Gghj;104,,µÇÂ¼³É¹¦
QWEQWE6,Gghj;105,,µÇÂ¼³É¹¦
QWEQWE7,Gghj;106,,µÇÂ¼³É¹¦
QWEQWE8,Gghj;107,,µÇÂ¼³É¹¦
QWEQWE9,Gghj;108,,µÇÂ¼Ê§°Ü
QWEQWE10,Gghj;109,,µÇÂ¼Ê§°Ü
QWEQWE11,Gghj;110,,µÇÂ¼Ê§°Ü
QWEQWE12,Gghj;111,,µÇÂ¼Ê§°Ü
QWEQWE13,Gghj;112,,µÇÂ¼Ê§°Ü
QWEQWE14,Gghj;113,,µÇÂ¼Ê§°Ü
mkju003,abcDEF3#,,µÇÂ¼³É¹¦
mkju005,abcDEF5#,,µÇÂ¼³É¹¦
mkju007,abcDEF7#,,µÇÂ¼³É¹¦
mkju008,abcDEF8#,,µÇÂ¼³É¹¦
mkju009,abcDEF9#,,µÇÂ¼³É¹¦
mkju010,abcDEF10#,,µÇÂ¼³É¹¦
mkju012,abcDEF12#,,µÇÂ¼³É¹¦
mkju013,abcDEF13#,,µÇÂ¼³É¹¦
mkju001,abcDEF20#,,µÇÂ¼³É¹¦
mqh,abcDEF21#,,µÇÂ¼³É¹¦
mqhmqh!,abcDEF22#,,µÇÂ¼³É¹¦
°ÂË¹¶¡°®Ê©µÂ,abcDEF23#,,µÇÂ¼Ê§°Ü
mqhmqh12345,abcDEF24#,,µÇÂ¼Ê§°Ü
asdasd1,asd123@,,µÇÂ¼Ê§°Ü
asdasd2,Asdf123,,µÇÂ¼³É¹¦
asdasd3,asdFGH@,,µÇÂ¼Ê§°Ü
asdasd4,As13@,,µÇÂ¼Ê§°Ü
asdasd5,Asdfgh12345789@,,µÇÂ¼Ê§°Ü
